PID,-7,0,-0.05
0.09852931978711599,-0.517278928882359,319,0.271,0.2709999126688408,0.0005864049890078604,0.0005864049890078604,False
0.09852931978711599,-0.517278928882359,319,0.271,0.2709476132928991,0.0005864049890078604,0.0005864049890078604,False
0.09852931978711599,-0.517278928882359,319,0.271,0.270224449894996,0.0005864049890078604,0.0005864049890078604,False
0.09845446964830623,-0.5168684833735898,319,0.27,0.26961527393965656,0.0005842411774210632,0.0005842411774210632,False
0.09845446964830623,-0.5168859656536078,319,0.27,0.2692949287353795,0.0005842411774210632,0.0005842411774210632,False
0.09837916689409944,-0.5164786257404611,319,0.269,0.2684591599377597,0.0005820772494189441,0.0005820772494189441,False
0.09837916689409944,-0.5164906261940221,319,0.269,0.26846983950115305,0.0005820772494189441,0.0005820772494189441,False
0.09830342961988807,-0.5160857723844978,319,0.268,0.2673689706072188,0.0005799134378321469,0.0005799134378321469,False
0.09830342961988807,-0.5160930055044124,319,0.268,0.26752562044372236,0.0005799134378321469,0.0005799134378321469,False
0.09822724166212907,-0.5156671575676357,319,0.267,0.2668192450037234,0.0005777495680376887,0.0005777495680376887,False
0.09822724166212907,-0.5156930187261776,319,0.267,0.26646291730604016,0.0005777495680376887,0.0005777495680376887,False
0.09815059149087284,-0.5152850305522287,319,0.266,0.26539986423018747,0.0005755856982432306,0.0005755856982432306,False
-0.0,0.011791868030504901,320,0.266,0.2655118814599441,-0.0,-0.0,False
-0.0,-0.0,320,0.265,0.2644535810935902,-0.0,-0.0,False
-0.0,-0.0,320,0.265,0.26486539159955874,-0.0,-0.0,False
-0.0,-0.0,320,0.264,0.2635926354620013,-0.0,-0.0,False
-0.0,-0.0,320,0.264,0.2634604981227512,-0.0,-0.0,False
-0.0,-0.0,320,0.263,0.2624336491033013,-0.0,-0.0,False
-0.09791789762095524,0.5228624668901676,321,0.263,0.26220793891986705,-0.000569094147067517,-0.000569094147067517,False
-0.0978394009928293,0.5136354994983351,321,0.262,0.26170488347219606,-0.0005669302772730589,-0.0005669302772730589,False
-0.0978394009928293,0.5136568552123538,321,0.262,0.2612572102038541,-0.0005669302772730589,-0.0005669302772730589,False
-0.09776043133000334,0.5132326948345723,321,0.261,0.2605798979481914,-0.0005647664656862617,-0.0005647664656862617,False
-0.09776043133000334,0.5132422644825175,321,0.261,0.2604205127614165,-0.0005647664656862617,-0.0005647664656862617,False
-0.09768097167814993,0.5127942283779373,321,0.26,0.2598393066760393,-0.0005626025376841426,-0.0005626025376841426,False
-0.09768097167814993,0.5128251013102872,321,0.26,0.2593585968312779,-0.0005626025376841426,-0.0005626025376841426,False
-0.09760104041299603,0.512399208593601,321,0.259,0.25803985015186226,-0.0005604387260973454,-0.0005604387260973454,False
-0.09752062046095719,0.5119681359868917,321,0.258,0.25748767149045554,-0.0005582748563028872,-0.0005582748563028872,False
-0.09752062046095719,0.5119832574200253,321,0.258,0.2575832584616233,-0.0005582748563028872,-0.0005582748563028872,False
-0.1948788358842971,1.0328962810180367,322,0.257,0.25658254776241884,-0.001112221973016858,-0.001112221973016858,False
-0.1948788358842971,1.02311388839256,322,0.257,0.25667815440013836,-0.001112221973016858,-0.001112221973016858,False
-0.1948788358842971,1.02311388839256,322,0.257,0.2564250371946029,-0.001112221973016858,-0.001112221973016858,False
-0.19471602346318959,1.02224506894167,322,0.256,0.2551971206587443,-0.0011078943498432636,-0.0011078943498432636,False
-0.2918268769159549,1.541234045060538,323,0.255,0.2541919368571704,-0.0016553497407585382,-0.0016553497407585382,False
-0.2918268769159549,1.5320911038087632,323,0.255,0.2546749405081166,-0.0016553497407585382,-0.0016553497407585382,False
-0.2915796420606579,1.5307587521015922,323,0.254,0.2536770131169934,-0.0016488583059981465,-0.0016488583059981465,False
-0.2915796420606579,1.5307931208184538,323,0.254,0.2532532400230635,-0.0016488583059981465,-0.0016488583059981465,False
-0.29133086192816693,1.529410999657237,323,0.253,0.2527058074316439,-0.0016423666384071112,-0.0016423666384071112,False
-0.29133086192816693,1.5294870251228763,323,0.253,0.2527375423225744,-0.0016423666384071112,-0.0016423666384071112,False
-0.2910805510281125,1.5281387236325044,323,0.252,0.25134009070547647,-0.0016358752036467195,-0.0016358752036467195,False
-0.2910805510281125,1.5281728928975904,323,0.252,0.25153471999210214,-0.0016358752036467195,-0.0016358752036467195,False
-0.29082864523238194,1.5267923826106622,323,0.251,0.25066582481181954,-0.0016293834196403623,-0.0016293834196403623,False
-0.29082864523238194,1.5268503874700055,323,0.251,0.25019097343363883,-0.0016293834196403623,-0.0016293834196403623,False
-0.29057520045646534,1.5254719945452595,323,0.25,0.24965987239072485,-0.0016228919848799706,-0.0016228919848799706,False
-0.387431031078557,2.04448578915143,324,0.25,0.24924520513159085,-0.0021638560574501753,-0.0021638560574501753,False
-0.38709096916627733,2.0321805061535696,324,0.249,0.24844655938067145,-0.0021552005782723427,-0.0021552005782723427,False
-0.38709096916627733,2.032227588122956,324,0.249,0.24848133380418536,-0.0021552005782723427,-0.0021552005782723427,False
-0.3867487684679408,2.0303968568718074,324,0.248,0.24747660646050998,-0.00214654509909451,-0.00214654509909451,False
-0.3867487684679408,2.0304310344566896,324,0.248,0.24750734833227972,-0.00214654509909451,-0.00214654509909451,False
-0.48300137098459145,2.5467278930290145,325,0.247,0.24632478069318292,-0.002672361908480525,-0.002672361908480525,False
-0.48256825904491113,2.5333961314365236,325,0.246,0.24557000460375708,-0.0026615429669618607,-0.0026615429669618607,False
-0.48213233528061206,2.5311720606654093,325,0.245,0.24377758854453474,-0.002650723559781909,-0.002650723559781909,False
-0.48213233528061206,2.531194760223214,325,0.245,0.24452556457273364,-0.002650723559781909,-0.002650723559781909,False
-0.48169363486987105,2.528819772667277,325,0.244,0.24348445485322417,-0.0026399041526019573,-0.0026399041526019573,False
-0.48169363486987105,2.528891583066823,325,0.244,0.24234734377421835,-0.0026399041526019573,-0.0026399041526019573,False
-0.5774966416435258,3.0423346430806952,326,0.243,0.2424635084065924,-0.003154902020469308,-0.003154902020469308,False
-0.576963491909156,3.029002361932085,326,0.242,0.24149709808889014,-0.003141918918117881,-0.003141918918117881,False
-0.5764269134512618,3.0261771134259603,326,0.241,0.24042124393918168,-0.0031289358157664537,-0.0031289358157664537,False
-0.6724898513883781,3.5574734185566,327,0.241,0.24068917626032,-0.003650425001978874,-0.003650425001978874,False
-0.6718598128908899,3.527206792983467,327,0.24,0.2391041968232717,-0.003635277971625328,-0.003635277971625328,False
-0.6712256963018951,3.523810224367881,327,0.239,0.2387268740538623,-0.003620130941271782,-0.003620130941271782,False
-0.6712256963018951,3.52393490558495,327,0.239,0.23765213785863426,-0.003620130941271782,-0.003620130941271782,False
-0.6705874727643201,3.520405950003208,327,0.238,0.2376376134464282,-0.0036049841437488794,-0.0036049841437488794,False
-0.6699450803717102,3.5171576079824627,327,0.237,0.23610426999762985,-0.0035898371133953333,-0.0035898371133953333,False
-0.7656408517513591,4.041994134968868,328,0.237,0.23654681706283662,-0.004102671053260565,-0.004102671053260565,False
-0.7649019088458847,4.0156633505609705,328,0.236,0.23500758310132563,-0.0040853600949049,-0.0040853600949049,False
-0.7641582076076021,4.011638873544476,328,0.235,0.23462719622865033,-0.004068049602210522,-0.004068049602210522,False
-0.7641582076076021,4.011830589939911,328,0.235,0.23428869070442743,-0.004068049602210522,-0.004068049602210522,False
-0.8588221405503284,4.526547880633978,329,0.234,0.2335349695347761,-0.004557080566883087,-0.004557080566883087,False
-0.8579743421194751,4.504251696130812,329,0.233,0.23236041637786256,-0.004537605680525303,-0.004537605680525303,False
-0.8579743421194751,4.5043652961272445,329,0.233,0.23195760484434236,-0.004537605680525303,-0.004537605680525303,False
-0.8571210170645195,4.499709055283483,329,0.232,0.23155913884481755,-0.004518131259828806,-0.004518131259828806,False
-0.8571210170645195,4.499885339588728,329,0.232,0.23159985429881508,-0.004518131259828806,-0.004518131259828806,False
-0.8562619792965416,4.495147076013988,329,0.231,0.23059661232447126,-0.004498656839132309,-0.004498656839132309,False
-0.8553971678621528,4.4907250960672815,329,0.23,0.22936568232297094,-0.004479181952774525,-0.004479181952774525,False
-0.7603649336990851,3.984700719455687,328,0.23,0.22894044969325972,-0.003981495276093483,-0.003981495276093483,False
-0.7595910439975179,3.987704438214144,328,0.229,0.22839146881683833,-0.003964184317737818,-0.003964184317737818,False
-0.7588119601148451,3.98367406715315,328,0.228,0.2271509591713538,-0.0039468733593821526,-0.0039468733593821526,False
-0.8536502209704422,4.49510472211913,329,0.228,0.22742758884701064,-0.0044402326457202435,-0.0044402326457202435,False
-0.8527678790324819,4.47695699029689,329,0.227,0.22627682878495312,-0.004420757759362459,-0.004420757759362459,False
-0.8518795749038985,4.47218191507427,329,0.226,0.22546142686912488,-0.004401282873004675,-0.004401282873004675,False
-0.8509853383705582,4.467555381532235,329,0.225,0.22440666389565145,-0.004381808452308178,-0.004381808452308178,False
-0.8509853383705582,4.46767302644543,329,0.225,0.22389602473067227,-0.004381808452308178,-0.004381808452308178,False
-0.8500848843548018,4.462710723825866,329,0.224,0.22364419894845416,-0.004362333565950394,-0.004362333565950394,False
-0.7548368646747254,3.951954462878893,328,0.223,0.22212665581188054,-0.0038603192660957575,-0.0038603192660957575,False
-0.7540254889879419,3.9585647183646326,328,0.222,0.22048298791825532,-0.0038430083077400923,-0.0038430083077400923,False
-0.7532085823538422,3.9542283448698563,328,0.221,0.22030942947629123,-0.0038256975822150707,-0.0038256975822150707,False
-0.8464213224058074,4.454569325081582,329,0.22,0.2190323483701176,-0.004284434951841831,-0.004284434951841831,False
-0.8464213224058074,4.44371194263049,329,0.22,0.2195656267828395,-0.004284434951841831,-0.004284434951841831,False
-0.845489538775016,4.438713528335788,329,0.219,0.21801056095056293,-0.004264960065484047,-0.004264960065484047,False
-0.7507237301000427,3.912565972973449,328,0.218,0.21749904691520092,-0.0037737649399787188,-0.0037737649399787188,False
-0.7498838858324713,3.936795502866719,328,0.217,0.21598712001381748,-0.0037564539816230536,-0.0037564539816230536,False
-0.7490381758045461,3.9323057253860934,328,0.216,0.2155458188511612,-0.003739143256098032,-0.003739143256098032,False
-0.7490381758045461,3.9324504229738677,328,0.216,0.21537096699156702,-0.003739143256098032,-0.003739143256098032,False
-0.7481865698306707,3.927912722580784,328,0.215,0.21360938282395592,-0.0037218325305730104,-0.0037218325305730104,False
-0.7473289193208204,3.9233361811851744,328,0.214,0.21329520832391238,-0.0037045215722173452,-0.0037045215722173452,False
-0.7464652073258528,3.9187946198142822,328,0.213,0.21216873610357517,-0.00368721061386168,-0.00368721061386168,False
-0.7455954166562463,3.914284702254055,328,0.212,0.21086054234888513,-0.0036698998883366585,-0.0036698998883366585,False
-0.7455954166562463,3.914375937445293,328,0.212,0.21145430556721567,-0.0036698998883366585,-0.0036698998883366585,False
-0.7447193874796751,3.909681123573938,328,0.211,0.2098970546366829,-0.0036525889299809933,-0.0036525889299809933,False
-0.7438371005870684,3.905004716142273,328,0.21,0.2089446140543097,-0.003635277971625328,-0.003635277971625328,False
-0.7429485446245107,3.9002071856396787,328,0.209,0.20856161380686158,-0.00361796747893095,-0.00361796747893095,False
-0.7420535397084349,3.895700923749359,328,0.208,0.2062240618770717,-0.003600656520575285,-0.003600656520575285,False
-0.741152072283872,3.890919768625072,328,0.207,0.20596894791220804,-0.0035833455622196198,-0.0035833455622196198,False
-0.7402441204285177,3.8858501001425463,328,0.206,0.20567532553612908,-0.003566034836694598,-0.003566034836694598,False
-0.7393295163958632,3.881424288904939,328,0.205,0.2032252414977393,-0.003548723878338933,-0.003548723878338933,False
-0.7384082360268056,3.876370336127824,328,0.204,0.20353389099268837,-0.003531412919983268,-0.003531412919983268,False
-0.7365454094470133,3.866555904651031,328,0.202,0.20099281161966615,-0.0034967914689332247,-0.0034967914689332247,False
-0.7356037049941061,3.861796463712936,328,0.201,0.20004973673469106,-0.003479480743408203,-0.003479480743408203,False
-0.6428313227475652,3.3627353049151005,327,0.2,0.19855681276088957,-0.003029398387297988,-0.003029398387297988,False
-0.7346549751366503,3.8634379674578625,328,0.0,0.19637008997382072,-0.003462169785052538,-0.003462169785052538,True
-0.7329150011942587,3.8474811967438445,328,0.0,0.19648872161590525,-0.0034307511523365974,-0.0034307511523365974,True
-0.732093807151779,3.8434289921972447,328,0.0,0.19432991712861325,-0.0034160688519477844,-0.0034160688519477844,True
-0.639305208965363,3.3391409330823585,327,0.0,0.19438594190658845,-0.0029662870801985264,-0.0029662870801985264,True
-0.7299123779835217,3.839836447285574,328,0.0,0.19189152712197963,-0.003377513960003853,-0.003377513960003853,True
-0.7283134075518424,3.8233846690149615,328,0.0,0.19098155786535542,-0.003349659498780966,-0.003349659498780966,True
-0.7270481002191915,3.816904956661861,328,0.0,0.18923601474851992,-0.003327856073155999,-0.003327856073155999,True
-0.6348402768616933,3.327566162629471,327,0.0,0.18692065724162293,-0.0028891151305288076,-0.0028891151305288076,True
-0.7235591521470304,3.810256659867242,328,0.0,0.18650594388485847,-0.003268800675868988,-0.003268800675868988,True
-0.6320639461282124,3.3097489598863175,327,0.0,0.18469255326627343,-0.0028426023200154305,-0.0028426023200154305,True
-0.630695018674507,3.3109865548462873,327,0.0,0.18316265107815982,-0.0028200694359838963,-0.0028200694359838963,True
-0.6292902760404263,3.3036727325564,327,0.0,0.18048215100610232,-0.0027972161769866943,-0.0027972161769866943,True
-0.6273123043686116,3.293124161230302,327,0.0,0.17996130422401718,-0.0027654890436679125,-0.0027654890436679125,True
-0.7154891568310088,3.7651609513958766,328,0.0,0.17795899648964175,-0.0031379207503050566,-0.0031379207503050566,True
-0.7136574335695075,3.7465471587453494,328,0.0,0.17608737502994015,-0.0031092711724340916,-0.0031092711724340916,True
-0.7116788704966616,3.7359724698384533,328,0.0,0.17563890801266746,-0.0030787463765591383,-0.0030787463765591383,True
-0.7104235958008256,3.7296118664934053,328,0.0,0.1738212318057471,-0.00305960257537663,-0.00305960257537663,True
-0.7087469121534197,3.720674888888056,328,0.0,0.1731978203978492,-0.0030342976097017527,-0.0030342976097017527,True
